260,Star Wars: Episode IV - A New Hope (1977),5.0
541,Blade Runner (1982),4.3385815127369485
589,Terminator 2: Judgment Day (1991),4.294808974909578
1196,Star Wars: Episode V - The Empire Strikes Back (1980),4.683403912314259
1200,Aliens (1986),4.104913594492668
1210,Star Wars: Episode VI - Return of the Jedi (1983),4.511904915175849
1214,Alien (1979),4.29865065804482
