296,"Pulp Fiction (1994)",5.0
318,"Shawshank Redemption, The (1994)",4.675819088585719
356,"Forrest Gump (1994)",4.750567389351297
593,"Silence of the Lambs, The (1991)",4.722918168939885
