296,Pulp Fiction (1994),5.0
318,Shawshank Redemption, The (1994),4.314193680141433
858,Godfather, The (1972),4.356237724212862
2959,Fight Club (1999),4.694763406894392
