296,Pulp Fiction (1994),5.0
318,Shawshank Redemption, The (1994),4.335214668552356
858,Godfather, The (1972),4.37596999985229
2959,Fight Club (1999),4.704119364546672
