318,Shawshank Redemption, The (1994),5.0
2571,Matrix, The (1999),4.022694044126846
2959,Fight Club (1999),4.050053805616287
79132,Inception (2010),4.440149151452205
