296,"Pulp Fiction (1994)",5.0
1089,"Reservoir Dogs (1992)",4.078996580996449
1206,"Clockwork Orange, A (1971)",4.147451120421554
2858,"American Beauty (1999)",4.235620062505041
2959,"Fight Club (1999)",4.510317052087058
4226,"Memento (2000)",4.052253938492275
