1,Toy Story (1995),5.0
364,Lion King, The (1994),4.7833186266126955
588,Aladdin (1992),4.292803037441483
4306,Shrek (2001),4.736890117711741
4886,Monsters, Inc. (2001),4.369327521982598
4993,Lord of the Rings: The Fellowship of the Ring, The (2001),4.458936585330443
5952,Lord of the Rings: The Two Towers, The (2002),4.216701831084859
6377,Finding Nemo (2003),4.381739900610622
7153,Lord of the Rings: The Return of the King, The (2003),4.085167441238863
