296,Pulp Fiction (1994),5.0
318,Shawshank Redemption, The (1994),4.661194160707353
356,Forrest Gump (1994),4.7393146171712965
593,Silence of the Lambs, The (1991),4.710418044308916
