296,Pulp Fiction (1994),5.0
1089,Reservoir Dogs (1992),4.051988382083779
1206,Clockwork Orange, A (1971),4.1224503340538545
2858,American Beauty (1999),4.213204808695176
2959,Fight Club (1999),4.495957219986017
4226,Memento (2000),4.024461518160553
