260,"Star Wars: Episode IV - A New Hope (1977)",5.0
541,"Blade Runner (1982)",4.402471582510738
589,"Terminator 2: Judgment Day (1991)",4.362927276203685
1196,"Star Wars: Episode V - The Empire Strikes Back (1980)",4.713985679413106
1200,"Aliens (1986)",4.191374940830405
1210,"Star Wars: Episode VI - Return of the Jedi (1983)",4.559052718913087
1214,"Alien (1979)",4.366397869917802
1240,"Terminator, The (1984)",4.085963141469071
2571,"Matrix, The (1999)",4.065176032684784
