318,Shawshank Redemption, The (1994),5.0
2571,Matrix, The (1999),4.093872280626277
2959,Fight Club (1999),4.119239401467044
79132,Inception (2010),4.480923686655707
