260,Star Wars: Episode IV - A New Hope (1977),4.790519439533592
296,Pulp Fiction (1994),4.191138543689623
356,Forrest Gump (1994),4.497925827945119
480,Jurassic Park (1993),4.039601702209287
593,Silence of the Lambs, The (1991),4.1112919021213665
1136,Monty Python and the Holy Grail (1975),4.207562277322243
1196,Star Wars: Episode V - The Empire Strikes Back (1980),4.115330256989748
1198,Raiders of the Lost Ark (Indiana Jones and the Raiders of the Lost Ark) (1981),5.0
1291,Indiana Jones and the Last Crusade (1989),4.0017471237701265
