260,Star Wars: Episode IV - A New Hope (1977),4.031567271562768
2571,Matrix, The (1999),5.0
2959,Fight Club (1999),4.010063827988227
4993,Lord of the Rings: The Fellowship of the Ring, The (2001),4.024120317655967
58559,Dark Knight, The (2008),4.006945080458334
