260,"Star Wars: Episode IV - A New Hope (1977)",4.061114436517404
2571,"Matrix, The (1999)",5.0
2959,"Fight Club (1999)",4.0402670692770615
4993,"Lord of the Rings: The Fellowship of the Ring, The (2001)",4.053894691345948
58559,"Dark Knight, The (2008)",4.0372434756437805
