260,"Star Wars: Episode IV - A New Hope (1977)",4.748434984168972
296,"Pulp Fiction (1994)",4.351445355592414
318,"Shawshank Redemption, The (1994)",5.0
858,"Godfather, The (1972)",4.362515702651594
2571,"Matrix, The (1999)",4.217806525186546
7153,"Lord of the Rings: The Return of the King, The (2003)",4.033365075524012
